left_x,left_y,right_x,right_y,mid_x,mid_y
-21.022021382232197,7.337466646917164,-27.047131694853306,6.327876569703221,-24.03457653854275,6.832671608310193
-21.37440082087997,6.40921642722684,-26.804226857313513,5.35776705921709,-24.08931383909674,5.883491743221965
-21.46973383883397,5.41461525908065,-26.561322019773716,4.387657548730959,-24.015527929303843,4.901136403905804
-21.46144310677238,4.414978071357562,-26.30056094010937,3.4234842625474724,-23.881002023440875,3.9192311669525175
-21.324046600667756,3.4244266888524644,-25.914293450827998,2.501034996105063,-23.619170025747877,2.9627308424787637
-21.059055472411014,2.464195680259265,-25.496170509365736,1.5947638961236585,-23.277612990888375,2.0294797881914617
-20.667826979402115,1.5469469390040453,-24.979196778562223,0.7386953333934467,-22.823511878982167,1.1428211361987461
-20.144616674134564,0.6966021579088524,-24.39656536406889,-0.07181091363472403,-22.27059101910173,0.3123956221370642
-19.582867747689438,-0.13074781937419955,-23.7755327368491,-0.8556691268112928,-21.679200242269268,-0.4932084730927462
-18.96745849577699,-0.9183461967122345,-23.152249267979762,-1.6376728005902423,-21.059853881878375,-1.2780094986512385
-18.339654699255686,-1.6967626882808242,-22.501657510535452,-2.3971763144605833,-20.42065610489557,-2.046969501370704
-17.711850902734376,-2.475179179849413,-21.851065753091138,-3.1566798283309248,-19.78145832791276,-2.815929504090169
-17.059724449296418,-3.2332982737237748,-21.200473995646824,-3.916183342201266,-19.13009922247162,-3.5747408079625203
-16.40623182521534,-3.9902772903049137,-20.549882238202514,-4.675686856071609,-18.47805703170893,-4.332982073188261
-15.752739201134265,-4.747256306886052,-19.8992904807582,-5.435190369941949,-17.826014840946232,-5.091223338414
-15.099246577053187,-5.50423532346719,-19.248698723313886,-6.194693883812292,-17.173972650183536,-5.849464603639741
-14.459265466846297,-6.2725200515330215,-18.598106965869576,-6.954197397682632,-16.528686216357936,-6.613358724607827
-13.829409781105767,-7.049277192737948,-17.947515208425262,-7.713700911552974,-15.888462494765514,-7.3814890521454615
-13.19955409536524,-7.826034333942872,-17.296923450980948,-8.473204425423315,-15.248238773173094,-8.149619379683093
-12.569698409624712,-8.602791475147797,-16.63736936456677,-9.224893191056283,-14.60353388709574,-8.913842333102039
-11.939842723884183,-9.379548616352722,-15.973528559575056,-9.972844130666516,-13.95668564172962,-9.676196373509619
-11.30560773880471,-10.152694453717032,-15.325225849093774,-10.733874548992402,-13.315416793949243,-10.443284501354718
-10.663035562382905,-10.91896518874549,-14.701464373321722,-11.515563005974176,-12.682249967852314,-11.217264097359834
-10.020463385961092,-11.685235923773956,-14.077702897549667,-12.297251462955952,-12.049083141755379,-11.991243693364954
-9.377891209539284,-12.451506658802415,-13.453941421777618,-13.078939919937724,-11.41591631565845,-12.76522328937007
-8.735319033117475,-13.217777393830877,-12.830179946005565,-13.860628376919497,-10.782749489561521,-13.539202885375186
-8.114799945049343,-14.0018814110872,-12.20641847023351,-14.642316833901273,-10.160609207641427,-14.322099122494237
-7.499950447834456,-14.7905701564406,-11.582656994461457,-15.424005290883049,-9.541303721147957,-15.107287723661823
-6.885100950619569,-15.579258901793997,-10.958895518689408,-16.205693747864817,-8.921998234654488,-15.892476324829406
-6.269680148089194,-16.367486476684327,-10.335134042917357,-16.98738220484659,-8.302407095503275,-16.67743434076546
-5.628434865674186,-17.1348679522576,-9.7113725671453,-17.76907066182837,-7.669903716409744,-17.451969307042987
-4.987189583259177,-17.90224942783087,-9.087611091373251,-18.55075911881014,-7.037400337316214,-18.226504273320508
-4.345944300844167,-18.669630903404148,-8.45812209321524,-19.32783259213855,-6.402033197029703,-18.998731747771348
-3.7132381579434024,-19.44404093737265,-7.826977307993672,-20.103571905647605,-5.770107732968537,-19.77380642151013
-3.0834555212840593,-20.22085730681586,-7.195832522772108,-20.879311219156655,-5.139644022028083,-20.550084262986257
-2.4536728846247207,-20.997673676259062,-6.564687737550544,-21.655050532665708,-4.509180311087633,-21.326362104462383
-1.8281614090946716,-21.777862554562475,-5.933542952328976,-22.430789846174765,-3.8808521807118237,-22.104326200368618
-1.2185928126191474,-22.570639930288714,-5.302398167107407,-23.20652915968382,-3.260495489863277,-22.888584544986266
-0.6090242161436275,-23.36341730601495,-4.671253381885844,-23.98226847319287,-2.6401387990147356,-23.67284288960391
-0.001955856638281628,-24.158108846093203,-4.04010859666428,-24.758007786701924,-2.021032226651281,-24.458058316397562
0.6043045039009807,-24.953418984662633,-3.408963811442711,-25.53374710021098,-1.4023296537708654,-25.243583042436807
1.1916223177259468,-25.761758318108136,-2.7778190262211435,-26.309486413720034,-0.7930983542475983,-26.035622365914087
1.717474908980617,-26.612375090540514,-2.2165064580054326,-27.137027458683097,-0.2495157745124078,-26.874701274611805
2.2425770864702392,-27.463453878600834,-1.657641192092594,-27.966355145812354,0.29246794718882263,-27.714904512206594
2.765320526683115,-28.31598489679719,-1.0994673922607268,-28.79614863314347,0.8329265672111941,-28.556066764970332
3.2880639668959977,-29.16851591499356,-0.5412935924288593,-29.625942120474587,1.3733851872335692,-29.397229017734073
3.810807407108877,-30.021046933189922,-0.03780712582596313,-30.489904948900374,1.886500140641457,-30.255475941045148
4.333550847321753,-30.873577951386277,0.4414025396572108,-31.36651151927651,2.3874766934894818,-31.120044735331394
4.738155933624015,-31.788023802637824,0.8466702120499408,-32.28077260679433,2.792413072836978,-32.03439820471608
5.1417426691132935,-32.70300335880813,1.2519378844426705,-33.195033694312144,3.1968402767779818,-32.94901852656014
5.545329404602574,-33.61798291497845,1.6572055568353974,-34.10929478182995,3.601267480718986,-33.8636388484042
5.948916140091852,-34.53296247114876,2.0624732292281274,-35.023555869347774,4.00569468465999,-34.77825917024826
6.352424887099682,-35.44797362179024,2.467740901620857,-35.93781695686559,4.4100828943602695,-35.692895289327915
6.699466197371371,-36.38586069934138,2.8284959881435556,-36.87047376819858,4.763981092757463,-36.62816723376998
7.046507507643063,-37.323747776892525,3.1869050652230624,-37.80410011524696,5.116706286433063,-37.56392394606974
7.393548817914754,-38.26163485444368,3.5004862188148858,-38.751796964175725,5.44701751836482,-38.506715909309705
7.740590128186444,-39.199521931994816,3.739891037045358,-39.7227761377134,5.7402405826159,-39.46114903485411
7.938819566564639,-40.179163282058354,3.9792958552758306,-40.69375531125109,5.959057710920235,-40.43645929665472
8.130335161417445,-41.16068843109972,4.2187006735063015,-41.66473448478876,6.174517917461873,-41.41271145794424
8.313127393943667,-42.143865005935226,4.458105491736774,-42.63571365832644,6.38561644284022,-42.38978933213083
8.493632806304309,-43.12747450028805,4.697510309967246,-43.606692831864116,6.595571558135777,-43.367083666076084
8.663214854860357,-44.1128633513221,4.891559452026446,-44.58605297083188,6.777387153443401,-44.34945816107699
8.804207204369733,-45.102909309170684,5.014956895758638,-45.578468354285924,6.909582050064186,-45.3406888317283
8.945199553879114,-46.09295526701929,5.138354339490831,-46.57088373773998,7.041776946684973,-46.331919502379634
9.057733306558811,-47.086421707880504,5.261751783223022,-47.56329912119402,7.159742544890916,-47.32486041453726
9.155357776711712,-48.08168011859597,5.329312680199228,-48.56025774157285,7.24233522845547,-48.320968930084405
9.200057147134205,-49.07939446812501,5.367975404862051,-49.55956771158092,7.284016275998128,-49.319481089852964
9.19502177414146,-50.079416711023306,5.4066381295248735,-50.558877681588974,7.300829951833167,-50.31914719630614
9.189986401148717,-51.07943895392161,5.392214067516499,-51.557839637557734,7.291100234332609,-51.31863929573967
9.184951028155973,-52.079461196819906,5.340453139952717,-52.55655682916586,7.262702084054345,-52.31800901299288
9.171076392095898,-53.07925498558616,5.288692212388935,-53.555274020773965,7.229884302242416,-53.31726450318006
9.124447634713322,-54.078202231569385,5.236931284825153,-54.553991212382094,7.180689459769237,-54.31609672197574
9.077818877330744,-55.077149477552624,5.185170357261371,-55.552708403990216,7.131494617296058,-55.31492894077142
9.031190119948167,-56.07609672353586,5.133409429697589,-56.55142559559834,7.082299774822879,-56.3137611595671
8.984561362565591,-57.075043969519086,5.081648502133807,-57.55014278720646,7.0331049323496995,-57.31259337836278
8.930550597731445,-58.073481695694824,5.029887574570025,-58.548859978814576,6.9802190861507345,-58.3111708372547
8.839492643524347,-59.06936235634053,4.978126647006243,-59.5475771704227,6.908809645265295,-59.30846976338161
8.748434689317246,-60.06524301698625,4.926365719442461,-60.54629436203082,6.837400204379854,-60.30576868950854
8.657376735110148,-61.061123677631954,4.87460479187868,-61.54501155363893,6.765990763494414,-61.30306761563544
8.572466945402715,-62.05754704828439,4.806739375141888,-62.54248138370916,6.689603160272301,-62.300014215996775
8.487659688745488,-63.053979469721384,4.704095723946757,-63.537257490833376,6.595877706346123,-63.29561848027738
8.402852432088261,-64.05041189115838,4.601452072751627,-64.5320335979576,6.502152252419944,-64.29122274455798
8.322787094768533,-65.04722977894279,4.498808421556497,-65.52680970508182,6.410797758162515,-65.2870197420123
8.245546167529929,-66.04427726047605,4.396164770361367,-66.52158581220603,6.320855468945648,-66.28293153634104
8.168305240291323,-67.04132474200934,4.293521119166239,-67.51636191933024,6.2309131797287804,-67.27884333066979
8.091064313052717,-68.0383722235426,4.1908774679711085,-68.51113802645446,6.1409708905119125,-68.27475512499853
8.004504700424478,-69.0346060430771,4.08823381677598,-69.50591413357866,6.04636925860023,-69.27026008832789
7.907779561624174,-70.02995225862051,3.986017264113114,-70.50073257842251,5.946898412868644,-70.26534241852151
7.81105442282387,-71.0252984741639,3.891360717780718,-71.49630043681907,5.851207570302294,-71.26079945549148
7.713460999978868,-72.02055844656324,3.7967041714483223,-72.49186829521562,5.755082585713595,-72.25621337088944
7.612500491700425,-73.01548397997801,3.7020476251159264,-73.48743615361218,5.657274058408175,-73.25146006679509
7.511539983421981,-74.01040951339279,3.6046317406244803,-74.48272623779758,5.558085862023231,-74.24656787559519
7.410579475143536,-75.00533504680757,3.498958330992643,-75.47718506194903,5.454768903068089,-75.2412600543783
7.309618966865093,-76.00026058022235,3.393284921360809,-76.47164388610047,5.351451944112951,-76.23595223316141
7.208658458586649,-76.99518611363712,3.287611511728975,-77.46610271025189,5.248134985157812,-77.2306444119445
7.107248340090473,-77.9900649691954,3.1819381020971376,-78.46056153440334,5.144593221093805,-78.22531325179938
7.001675219879521,-78.98451162817791,3.076264692465303,-79.45502035855476,5.038969956172412,-79.21976599336634
6.896102099668572,-79.9789582871604,2.9705912828334675,-80.4494791827062,4.933346691251019,-80.2142187349333
6.790528979457623,-80.97340494614289,2.8649178732016316,-81.44393800685765,4.827723426329627,-81.20867147650027
6.6849558592466725,-81.96785160512538,2.759244463569796,-82.43839683100909,4.7221001614082345,-82.20312421806723
6.579382739035721,-82.96229826410787,2.665094323367193,-83.43400950003519,4.622238531201457,-83.19815388207152
6.478948077510147,-83.95726933397783,2.5714929345081825,-84.42967711648134,4.525220506009164,-84.19347322522958
6.381458374260813,-84.95254095470902,2.4778915456491752,-85.42534473292748,4.429674959954994,-85.18894284381825
6.283968671011476,-85.94781257544022,2.3842901567901675,-86.42101234937361,4.334129413900822,-86.18441246240693
6.186478967762142,-86.9430841961714,2.290688767931157,-87.41667996581977,4.23858386784665,-87.17988208099558
6.088989264512808,-87.93835581690259,2.1970873790721495,-88.4123475822659,4.143038321792479,-88.17535169958424
5.991499561263474,-88.93362743763376,2.1034859902131404,-89.40801519871204,4.0474927757383075,-89.1708213181729
5.899517745205836,-89.92941995172019,2.005628677951575,-90.40327067695968,3.952573211578706,-90.16634531433994
5.808697617705301,-90.92532232932219,1.9064440587157712,-91.39839762049148,3.857570838210536,-91.16185997490683
5.717877490204765,-91.92122470692418,1.8072594394799684,-92.39352456402325,3.7625684648423667,-92.15737463547372
5.627057362704228,-92.91712708452617,1.7080748202441658,-93.38865150755504,3.667566091474197,-93.1528892960406
5.536237235203692,-93.91302946212816,1.60889020100836,-94.38377845108684,3.572563718106026,-94.1484039566075
5.445417107703157,-94.90893183973016,1.5097055817725575,-95.37890539461863,3.477561344737857,-95.14391861717439
5.354596980202621,-95.90483421733214,1.4105209625367547,-96.3740323381504,3.382558971369688,-96.13943327774126
5.263776852702083,-96.90073659493416,1.3098979240652688,-97.36901430668465,3.286837388383676,-97.1348754508094
5.172956725201547,-97.89663897253615,1.2085117522064974,-98.36391936074341,3.1907342387040223,-98.13027916663978
5.092497235002952,-98.89341380497704,1.1071255803477245,-99.35882441480219,3.0998114076753382,-99.12611910988961
5.015492293151457,-99.8904795401234,1.0057394084889504,-100.35372946886099,3.0106158508202037,-100.1221045044922
4.93848735129996,-100.88754527526977,0.9043532366301789,-101.34863452291975,2.9214202939650695,-101.11808989909477
4.861482409448464,-101.88461101041614,0.8029670647714074,-102.34353957697851,2.832224737109936,-102.11407529369733
4.784477467596968,-102.8816767455625,0.7015808929126331,-103.3384446310373,2.743029180254801,-103.11006068829991
4.696810545465627,-103.87780024817147,0.6001947210538617,-104.33334968509608,2.6485026332597443,-104.10557496663378
4.597760025392761,-104.87291774663373,0.4988085491950903,-105.32825473915484,2.5482842872939258,-105.10058624289428
4.498709505319896,-105.868035245096,0.39742237733631613,-106.32315979321363,2.448065941328106,-106.09559751915481
4.39965898524703,-106.86315274355827,0.2960362054775447,-107.31806484727241,2.3478475953622873,-107.09060879541533
4.300608465174163,-107.85827024202057,0.19465003361877176,-108.31296990133119,2.2476292493964674,-108.08562007167588
4.200914903256928,-108.8533227033306,0.09814617966390964,-109.30835529690502,2.1495305414604187,-109.0808390001178
4.09870567620974,-109.84812073066024,0.0036998833026465616,-110.30394312303565,2.051202779756193,-110.07603192684795
3.9964964491625508,-110.84291875798986,-0.09074641305861786,-111.29953094916628,1.9528750180519665,-111.07122485357807
3.8942872221153606,-111.83771678531951,-0.18519270941988097,-112.2951187752969,1.8545472563477399,-112.0664177803082
3.7920779950681736,-112.83251481264914,-0.2796390057811467,-113.29070660142754,1.7562194946435135,-113.06161070703834
3.6898687680209834,-113.82731283997877,-0.37408530214240976,-114.28629442755818,1.6578917329392868,-114.05680363376848
3.588254377529713,-114.8221708170975,-0.4660062809249879,-115.2821155188343,1.5611240483023625,-115.05214316796591
3.48990567352888,-115.81735792196467,-0.5555281272239586,-116.27815821946068,1.4671887731524607,-116.04775807071267
3.39155696952805,-116.81254502683181,-0.6450499735229294,-117.27420092008705,1.3732534980025601,-117.04337297345944
3.2932082655272166,-117.80773213169897,-0.7345718198219027,-118.27024362071344,1.279318222852657,-118.0389878762062
3.1948595615263837,-118.80291923656614,-0.8240936661208733,-119.26628632133982,1.185382947702755,-119.03460277895297
3.0965108575255536,-119.79810634143328,-0.9136155124198442,-120.2623290219662,1.0914476725528548,-120.03021768169974
2.9895551246324814,-120.79239834002011,-1.0065533733484924,-121.25805417784346,0.9915008756419945,-121.02522625893178
2.8810207900447775,-121.78652616856539,-1.1021585706595667,-122.25353138435447,0.8894311096926054,-122.02002877645992
2.772486455457077,-122.78065399711063,-1.1977637679706408,-123.24900859086549,0.7873613437432182,-123.01483129398807
2.6639521208693733,-123.77478182565591,-1.2576768090250614,-124.24724795118595,0.7031376559221559,-124.01101488842093
2.5600124582914763,-124.76938111251641,-1.3163691750166744,-125.24558177742355,0.621821641637401,-125.00748144496998
2.4643962914454525,-125.76483447149928,-1.3750615410082858,-126.24391560366114,0.5446673752185833,-126.00437503758022
2.4272329304853884,-126.76223651718053,-1.4337539069998988,-127.24224942989873,0.4967395117427448,-127.00224297353964
2.456338073850958,-127.76184780758406,-1.4871772416231792,-128.24087518838266,0.48458041611388936,-128.00136149798337
2.4504595113526144,-128.76178895952313,-1.539131523564076,-129.23958234016635,0.45566399389426926,-129.00068564984474
2.4197729876923053,-129.76103352451128,-1.5844993203058086,-130.23854267277787,0.41763683369324833,-129.99978809864456
2.3578836625158606,-130.7591515299103,-1.609364559817838,-131.2382911122865,0.37425955134901123,-130.9987213210984
2.295994337339417,-131.75726953530932,-1.6342297993298667,-132.23803955179508,0.33088226900477524,-131.9976545435522
2.2399087945934726,-132.7557126862227,-1.6590950388418955,-133.2377879913037,0.29040687787578856,-132.9967503387632
2.18992554887924,-133.75449770634486,-1.683960278353925,-134.2375364308123,0.2529826352626575,-133.99601706857857
2.139942303165009,-134.75328272646698,-1.7088255178659535,-135.2372848703209,0.2155583926495278,-134.99528379839393
2.095973178948526,-135.75224104573573,-1.7336907573779823,-136.23703330982949,0.1811412107852719,-135.9946371777826
2.088360520010967,-136.75224699006628,-1.7585559968900117,-137.2367817493381,0.1649022615604776,-136.9945143697022
2.0807478610734074,-137.75225293439684,-1.7775104350619066,-138.23665755156662,0.15161871300575036,-137.99445524298173
2.0531587507781377,-138.75183757033713,-1.795732347002975,-139.23654913787038,0.1287132018875814,-138.99419335410374
2.018602639693059,-139.75127527047619,-1.8139542589440438,-140.23644072417417,0.10232419037450757,-139.99385799732516
1.98404652860798,-140.7507129706152,-1.832176170885112,-141.23633231047793,0.07593517886143397,-140.9935226405466
1.950688907770348,-141.7501770752994,-1.8503980828261803,-142.23622389678172,0.05014541247208382,-141.99320048604056
1.9411946186429263,-142.75016692512114,-1.868619994767249,-143.2361154830855,0.03628731193783863,-142.99314120410332
1.9317003295155046,-143.75015677494287,-1.8700343275188385,-144.23610589275765,0.030833000998333082,-143.99313133385027
1.9222060403880832,-144.75014662476457,-1.8635713756324337,-145.23614261842766,0.029317332377824745,-144.99314462159612
1.9127117512606615,-145.75013647458633,-1.8571084237460294,-146.23617934409768,0.027801663757316075,-145.99315790934202
1.9032174621332398,-146.75012632440806,-1.8506454718596248,-147.2362160697677,0.026285995136807516,-146.99317119708786
1.9012081378367955,-147.7501483032848,-1.8441825199732202,-148.23625279543768,0.028512808931787648,-147.99320054936123
1.9021173642336326,-148.75018280997938,-1.8377195680868157,-149.23628952110772,0.03219889807340848,-148.99323616554355
1.9030265906304697,-149.75021731667397,-1.8312566162004114,-150.2363262467777,0.035884987215029196,-149.99327178172584
1.9039358170273069,-150.7502518233686,-1.8247936643140068,-151.23636297244772,0.039571076356650026,-150.99330739790815
1.904845043424144,-151.75028633006315,-1.8114041997054506,-152.23632819752157,0.04672042185934666,-151.99330726379236
1.9082973398061482,-152.7503121847258,-1.797221734158751,-153.23628523665218,0.05553780282369858,-152.99329871068898
1.914192689908203,-153.75032972763177,-1.7830392686120513,-154.2362422757828,0.0655767106480758,-153.9932860017073
1.9200880400102576,-154.7503472705377,-1.7688568030653515,-155.23619931491342,0.07561561847245302,-154.99327329272558
1.9259833901123122,-155.7503648134437,-1.7546743375186515,-156.23615635404406,0.08565452629683035,-155.99326058374388
1.9318787402143667,-156.75038235634963,-1.7404918719719518,-157.2361133931747,0.09569343412120745,-156.99324787476218
1.9353990888013424,-157.75040759925804,-1.726309406425252,-158.2360704323053,0.10454484118804519,-157.99323901578168
1.9359881166511528,-158.75044234581372,-1.711691559485519,-159.2360177836441,0.11214827858281684,-158.9932300647289
1.9365771445009632,-159.75047709236947,-1.6813813686791685,-160.23561596029765,0.12759788791089732,-159.99304652633356
1.9371661723507736,-160.75051183892515,-1.651071177872817,-161.23521413695124,0.14304749723897825,-160.9928629879382
1.937755200200584,-161.75054658548083,-1.6207609870664668,-162.23481231360483,0.15849710656705862,-161.99267944954283
1.9482278404907145,-162.75041081225694,-1.5904507962601153,-163.23441049025843,0.1788885221152996,-162.99241065125767
1.9821356516597934,-163.7498707172127,-1.560140605453765,-164.234008666912,0.21099752310301423,-163.99193969206235
2.0160434628288733,-164.74933062216851,-1.5298304146474144,-165.23360684356555,0.24310652409072941,-164.99146873286702
2.0499512739979524,-165.7487905271243,-1.499520223841063,-166.23320502021915,0.2752155250784447,-165.99099777367172
2.0838590851670333,-166.7482504320801,-1.4692100330347118,-167.23280319687274,0.3073245260661608,-166.99052681447642
2.117766896336112,-167.7477103370359,-1.4388998422283612,-168.2324013735263,0.3394335270538754,-167.9900558552811
2.153095695064556,-168.74711648477356,-1.4085896514220109,-169.23199955017986,0.3722530218212726,-168.98955801747672
2.1947976362583415,-169.7462815308861,-1.3782794606156603,-170.23159772683346,0.40825908782134057,-169.98893962885978
2.2364995774521277,-170.74544657699872,-1.34796926980931,-171.23119590348702,0.44426515382140885,-170.98832124024287
2.278201518645913,-171.7446116231113,-1.3132882354631998,-172.2306488716132,0.4824566415913566,-171.98763024736223
2.3199034598396993,-172.7437766692239,-1.2771873500771505,-173.23005466933017,0.5213580548812744,-172.98691566927704
2.361605401033487,-173.74294171533654,-1.241086464691103,-174.2294604670471,0.5602594681711919,-173.98620109119182
2.403307342227272,-174.74210676144912,-1.2049855793050557,-175.22886626476404,0.5991608814611082,-174.9854865131066
2.4438012729443317,-175.74131837422928,-1.1688846939190083,-176.22827206248095,0.6374582895126617,-175.98479521835512
2.4791408770234797,-176.74072867718598,-1.13278380853296,-177.2276778601979,0.6731785342452599,-176.98420326869194
2.5144804811026287,-177.74013898014272,-1.0966829231469126,-178.22708365791482,0.708898778977858,-177.98361131902877
2.5498200851817767,-178.73954928309942,-1.0605820377608643,-179.22648945563176,0.7446190237104562,-178.9830193693656
2.5851596892609257,-179.73895958605615,-1.0182471713113166,-180.22561575083466,0.7834562589748045,-179.9822876684454
2.634687434013009,-180.73765774232461,-0.9647656448651688,-181.22424228200882,0.8349608945739202,-180.98095001216672
2.699600316526573,-181.7355836709167,-0.9112841184190227,-182.22286881318294,0.8941580990537752,-181.97922624204983
2.7645131990401333,-182.73350959950872,-0.8578025919728766,-183.22149534435704,0.9533553035336284,-182.9775024719329
2.829426081553695,-183.73143552810077,-0.8043210655267304,-184.22012187553116,1.0125525080134823,-183.97577870181595
2.887638592115525,-184.72973814710724,-0.7508395390805813,-185.21874840670534,1.0683995265174717,-184.9742432769063
2.9349866770929793,-185.72865155682877,-0.6973580126344352,-186.21737493787944,1.118814332229272,-185.97301324735412
2.982334762070432,-186.72756496655026,-0.6438764861882891,-187.21600146905357,1.1692291379410715,-186.9717832178019
3.0393591181075426,-187.72573032584387,-0.590394959742143,-188.21462800022766,1.2244820791826998,-187.97017916303577
3.1461034833033183,-188.7200519447236,-0.5278849108973269,-189.21264722658321,1.3091092862029958,-188.9663495856534
3.2528478484990884,-189.71437356360323,-0.4471442680693291,-190.20944016949142,1.4028517902148796,-189.96190686654734
3.3549874717652184,-190.709113019212,-0.36640362524132664,-191.20623311239964,1.4942919232619458,-190.9576730658058
3.428963460195046,-191.7064080580086,-0.2856629824133288,-192.20302605530784,1.5716502388908586,-191.95471705665824
3.5029394486248764,-192.70370309680524,-0.20492233958533096,-193.19981899821605,1.6490085545197728,-192.95176104751064
3.576915437054704,-193.70099813560182,-0.12418169675733315,-194.19661194112425,1.7263668701486854,-193.94880503836305
3.6508914254845344,-194.69829317439846,-0.0427386799520349,-195.19334760722427,1.8040763727662497,-194.94582039081138
3.7248674139143665,-195.69558821319512,0.03908532220845043,-196.1900522049393,1.8819763680614086,-195.9428202090672
3.7969626818098945,-196.69301575192029,0.12090932436893809,-197.18675680265437,1.9589360030894163,-196.93988627728731
3.863545617974902,-197.690831643698,0.20273332652942344,-198.1834614003694,2.033139472252163,-197.9371465220337
3.9301285541399076,-198.6886475354757,0.28455732868991107,-199.18016599808448,2.107342941414909,-198.93440676678009
3.9967114903049152,-199.68646342725344,0.3667819705912989,-200.17683672019353,2.181746730448107,-199.9316500737235
4.063294426469921,-200.68427931903113,0.453473458982256,-201.17312975353082,2.2583839427260886,-200.92870453628097
4.129877362634928,-201.68209521080885,0.5401649473732131,-202.1694227868681,2.3350211550040703,-201.9257589988385
4.196460298799936,-202.6799111025866,0.6268564357641702,-203.1657158202054,2.411658367282053,-202.922813461396
4.27339436822746,-203.676981734566,0.7135479241551321,-204.16200885354274,2.493471146191296,-203.91949529405437
4.350438490620352,-204.6740444429636,0.8002394125460892,-205.15830188688003,2.5753389515832206,-204.91617316492182
4.427482613013246,-205.67110715136127,0.8869309009370464,-206.1545949202173,2.657206756975146,-205.9128510357893
4.504526735406138,-206.66816985975888,0.9736223893280035,-207.15088795355462,2.7390745623670707,-206.90952890665676
4.581570857799033,-207.6652325681565,1.0603138777189605,-208.1471809868919,2.8209423677589966,-207.9062067775242
4.658614980191925,-208.66229527655415,1.1470053661099175,-209.14347402022918,2.9028101731509213,-208.90288464839165
4.734736917994285,-209.65942874906534,1.2266985011203186,-210.1403488270769,2.9807177095573016,-209.8998887880711
4.810718867147423,-210.6565729636479,1.305703919997743,-211.13728080380545,3.058211393572583,-210.89692688372668
4.886700816300559,-211.6537171782304,1.3847093388751672,-212.13421278053397,3.135705077587863,-211.8939649793822
4.962682765453698,-212.65086139281294,1.4637147577525913,-213.13114475726252,3.2131987616031443,-212.89100307503773
5.038664714606834,-213.64800560739545,1.5427201766300178,-214.12807673399107,3.2906924456184257,-213.88804117069327
5.118510889459245,-214.64484661116813,1.621725595507442,-215.1250087107196,3.3701182424833434,-214.88492766094387
5.198985361757185,-215.641638314876,1.7007310143848686,-216.12194068744816,3.4498581880710266,-215.88178950116207
5.2794598340551255,-216.6384300185839,1.7810303729547532,-217.11876693977936,3.5302451035049396,-216.87859847918162
5.35993430635307,-217.63522172229185,1.8649058029332162,-218.1153010007536,3.612420054643143,-217.87526136152272
5.440408778651009,-218.6320134259997,1.9487812329116794,-219.11183506172782,3.6945950057813444,-218.87192424386376
5.523668185426389,-219.6285537803359,2.032656662890142,-220.10836912270204,3.7781624241582654,-219.86846145151895
5.6229677409051835,-220.6236464592127,2.1165320928686056,-221.10490318367627,3.8697499168868945,-220.8642748214445
5.72226729638398,-221.61873913808952,2.200407522847073,-222.10143724465055,3.9613374096155267,-221.86008819137004
5.821566851862775,-222.61383181696633,2.284282952825536,-223.09797130562475,4.052924902344156,-222.85590156129552
5.9040303347122,-223.61042614218204,2.3681583828039994,-224.09450536659898,4.1360943587581,-223.8524657543905
5.982406240372729,-224.60738504739552,2.4392786912711286,-225.09200572883807,4.210842465821929,-224.8496953881168
6.060782146033255,-225.60434395260899,2.5064895660045443,-226.08980226158081,4.2836358560189,-225.8470731070949
6.13915805169378,-226.60130285782242,2.57370044073796,-227.08759879432355,4.35642924621587,-226.844450826073
6.2175339573543065,-227.59826176303588,2.6409113154713793,-228.08539532706635,4.429222636412843,-227.8418285450511
6.29590986301483,-228.5952206682493,2.708122190204795,-229.0831918598091,4.502016026609812,-228.8392062640292
6.374285768675358,-229.5921795734628,2.77533306493821,-230.08098839255183,4.574809416806784,-229.8365839830073
6.436850408398743,-230.59019004196432,2.842543939671626,-231.07878492529454,4.6396971740351844,-230.83448748362943
6.491190740785328,-231.5887474862552,2.9097548144050434,-232.0765814580373,4.700472777595186,-231.83266447214623
6.545531073171912,-232.58730493054603,2.976965689138459,-233.07437799078005,4.761248381155186,-232.83084146066304
6.599871405558494,-233.58586237483684,3.0441765638718747,-234.0721745235228,4.822023984715184,-233.8290184491798
6.6541411314427545,-234.58442314762829,3.081058496426054,-235.07140075250385,4.8675998139344046,-234.82791195006607
6.6939801349077,-235.58366420717067,3.1080086797197537,-236.07109516083884,4.900994407313727,-235.82737968400477
6.733819138372647,-236.58290526671308,3.1349588630134533,-237.07078956917385,4.93438900069305,-236.82684741794347
6.7736581418375925,-237.58214632625547,3.161909046307153,-238.07048397750887,4.9677835940723725,-237.82631515188217
6.813497145302539,-238.5813873857979,3.1888592296008533,-239.07017838584392,5.001178187451696,-238.8257828858209
6.853336148767486,-239.58062844534032,3.2158094128945534,-240.06987279417893,5.03457278083102,-239.82525061975963
6.887444039777936,-240.5800671831971,3.242759596188253,-241.06956720251392,5.065101817983095,-240.8248171928555
6.916549724313056,-241.57967845784353,3.269709779481954,-242.069261610849,5.0931297518975045,-241.82447003434626
6.945655408848174,-242.5792897324899,3.296659962775654,-243.06895601918401,5.121157685811914,-242.82412287583696
6.974761093383295,-243.57890100713635,3.3236101460693535,-244.06865042751903,5.149185619726325,-243.8237757173277
7.003866777918415,-244.5785122817828,3.350560329363053,-245.06834483585405,5.177213553640734,-244.82342855881842
7.032972462453536,-245.57812355642923,3.3775105126567526,-246.06803924418904,5.205241487555144,-245.82308140030915
7.0620781469886555,-246.57773483107567,3.404460695950454,-247.0677336525241,5.233269421469554,-246.82273424179988
7.091183831523776,-247.5773461057221,3.432359787543691,-248.0673994788695,5.261771809533734,-247.82237279229582
7.120289516058897,-248.57695738036855,3.4656273004918865,-249.06690360343234,5.292958408275392,-248.82193049190045
7.154606590688431,-249.5763966124528,3.4988948134400824,-250.06640772799514,5.326750702064256,-249.82140217022396
7.19149235480482,-250.57575104491312,3.532162326388278,-251.06591185255797,5.361827340596549,-250.82083144873553
7.22837811892121,-251.57510547737346,3.5654298393364736,-252.06541597712078,5.396903979128842,-251.8202607272471
7.265263883037599,-252.57445990983376,3.5986973522846712,-253.06492010168367,5.431980617661135,-252.81969000575873
7.302149647153988,-253.5738143422941,3.631964865232867,-254.0644242262465,5.467057256193428,-253.8191192842703
7.339035411270377,-254.5731687747544,3.664816482932851,-255.06394132739092,5.501925947101614,-254.81855505107268
7.375921175386766,-255.57252320721472,3.693925199558693,-256.06357521289715,5.53492318747273,-255.81804921005593
7.411858147574643,-256.5719089619952,3.7230339161845345,-257.0632090984033,5.567446031879589,-256.8175590301993
7.4409639269333905,-257.5715202338806,3.752142632810376,-258.06284298390955,5.596553279871883,-257.8171816088951
7.470069706292138,-258.57113150576606,3.7812513494362197,-259.06247686941583,5.625660527864179,-258.81680418759095
7.499175485650886,-259.57074277765156,3.8103600660620613,-260.06211075492206,5.654767775856474,-259.8164267662868
7.528281265009634,-260.570354049537,3.839468782687903,-261.06174464042823,5.683875023848769,-260.8160493449826
7.557387044368381,-261.56996532142244,3.8685774993137443,-262.06137852593446,5.712982271841063,-261.81567192367845
7.586492823727128,-262.56957659330783,3.8976862159395864,-263.0610124114407,5.742089519833357,-262.8152945023743
7.615598603085876,-263.56918786519327,3.9267949325654277,-264.0606462969469,5.771196767825652,-263.8149170810701
7.6447043824446235,-264.56879913707877,3.9559036491912694,-265.0602801824531,5.800304015817947,-264.81453965976596
7.673810161803371,-265.5684104089642,3.985012365817113,-266.05991406795937,5.8294112638102416,-265.8141622384618
7.702915941162117,-266.5680216808496,4.014121082442955,-267.0595479534656,5.8585185118025365,-266.8137848171576
7.732021720520867,-267.5676329527351,4.043229799068796,-268.0591818389718,5.887625759794831,-267.81340739585346
7.775201771332488,-268.56672962924455,4.0723385156946375,-269.058815724478,5.923770143513563,-268.8127726768613
7.8191733785011515,-269.5657973642032,4.10144723232048,-270.0584496099842,5.9603103054108155,-269.8121234870937
7.863144985669817,-270.5648650991619,4.130555948946323,-271.0580834954905,5.99685046730807,-270.8114742973262
7.907116592838483,-271.56393283412064,4.151982480048329,-272.0578981900486,6.029549536443406,-271.81091551208465
7.951088200007148,-272.56300056907935,4.169935004629877,-273.0577946493368,6.060511602318512,-272.81039760920805
7.995059807175812,-273.562068304038,4.187887529211424,-274.05769110862497,6.091473668193618,-273.80987970633146
8.03903141434448,-274.5611360389968,4.205840053792973,-275.0575875679132,6.122435734068727,-274.809361803455
8.082301558387517,-275.56022942146956,4.22379257837452,-276.0574840272013,6.153047068381019,-275.80885672433544
8.111407417585704,-276.5598406910303,4.2417451029560675,-277.0573804864895,6.1765762602708865,-276.80861058875985
8.14051327678389,-277.55945196059105,4.259697627537615,-278.05727694577763,6.200105452160752,-277.80836445318437
8.169619135982078,-278.5590632301518,4.2776502127798475,-279.0571734039767,6.223634674380962,-278.80811831706427
8.198724995180262,-279.55867449971254,4.295602807055494,-280.0570698620136,6.247163901117878,-279.80787218086306
8.22783085437845,-280.55828576927325,4.313555401331141,-281.05696632005044,6.270693127854795,-280.80762604466184
8.259116875025741,-281.55782921095613,4.333620384395024,-282.0568105943214,6.296368629710383,-281.80731990263877
8.29220577546777,-282.55731656252186,4.36506179235216,-283.0563738290902,6.3286337839099644,-282.80684519580603
8.3252946759098,-283.5568039140877,4.396503200309296,-284.0559370638591,6.360898938109548,-283.8063704889734
8.358383576351832,-284.55629126565356,4.427944608266431,-285.0555002986279,6.3931640923091315,-284.80589578214074
8.391472476793862,-285.5557786172194,4.459386016223566,-286.0550635333968,6.425429246508713,-285.8054210753081
8.424561377235891,-286.55526596878514,4.490827424180701,-287.0546267681656,6.457694400708296,-286.8049463684754
8.45765027767792,-287.554753320351,4.5222688321378355,-288.05419000293443,6.489959554907879,-287.8044716616427
8.488228171096457,-288.55430578565415,4.55371024009497,-289.05375323770323,6.520969205595714,-288.80402951167866
8.506984969224328,-289.5541647876122,4.585151648052107,-290.05331647247215,6.546068308638217,-289.80374063004217
8.5257417673522,-290.55402378957024,4.616593056009242,-291.05287970724095,6.571167411680721,-290.80345174840556
8.544498565480072,-291.5538827915283,4.648034463966376,-292.0524429420098,6.596266514723224,-291.80316286676907
8.563255363607944,-292.5537417934863,4.679475871923511,-293.0520061767786,6.621365617765727,-292.80287398513246
8.582012161735813,-293.55360079544425,4.710917279880646,-294.05156941154746,6.646464720808229,-293.80258510349586
8.591612022365256,-294.55354763273675,4.72134333392607,-295.05141106375976,6.656477678145663,-294.80247934824826
8.592038640475511,-295.553582461765,4.71639331483147,-296.0514564226045,6.654215977653491,-295.80251944218475
8.592465258585767,-296.5536172907932,4.711443295736871,-297.0515017814492,6.651954277161319,-296.8025595361212
8.592891876696022,-297.55365211982144,4.706493276642272,-298.0515471402939,6.649692576669147,-297.80259963005767
8.593318494806278,-298.5536869488497,4.701543257547672,-299.0515924991386,6.6474308761769745,-298.80263972399416
8.592803047424574,-299.5537210056978,4.696593238453073,-300.0516378579833,6.644698142938823,-299.80267943184055
8.59073703971719,-300.5537537916027,4.691643219358474,-301.051683216828,6.641190129537832,-300.80271850421536
8.588671032009806,-301.5537865775076,4.686693200263875,-302.0517285756727,6.6376821161368404,-301.8027575765901
8.586605024302422,-302.55381936341246,4.681743181169275,-303.0517739345174,6.634174102735848,-302.80279664896494
8.584539016595038,-303.5538521493174,4.676793162074676,-304.05181929336214,6.6306660893348575,-303.80283572133976
8.561504660057595,-304.5535112935726,4.671843142980077,-305.05186465220686,6.616673901518836,-304.80268797288977
8.527940867240796,-305.55298281046754,4.666893123885478,-306.0519100110515,6.597416995563137,-305.80244641075956
8.494377074424,-306.55245432736245,4.661943104790878,-307.0519553698963,6.578160089607438,-306.80220484862934
8.460813281607201,-307.5519258442574,4.656993085696279,-308.052000728741,6.55890318365174,-307.80196328649924
8.427249488790403,-308.55139736115234,4.648878699332261,-309.05201900757623,6.538064094061332,-308.8017081843643
8.334278695368136,-309.54705716011193,4.636712878633931,-310.0520026150632,6.4854957870010335,-309.7995298875876
8.239835391210212,-310.54262247869843,4.624547057935601,-311.05198622255017,6.4321912245729065,-310.7973043506243
8.145392087052288,-311.538187797285,4.612381237237271,-312.05196983003714,6.3788866621447795,-311.79507881366106
8.159729848470134,-312.53731542768685,4.600215416538941,-313.05195343752405,6.379972632504537,-312.79463443260545
8.188836036631933,-313.53692668766905,4.588049595840611,-314.051937045011,6.388442816236273,-313.79443186634
8.217942224793733,-314.53653794765125,4.57588377514228,-315.051920652498,6.3969129999680066,-314.7942293000746
8.24704841295553,-315.53614920763346,4.56371795444395,-316.05190425998495,6.40538318369974,-315.79402673380923
8.415040932579139,-316.5192496181214,4.551552133745621,-317.05188786747186,6.483296533162379,-316.7855687427966
8.621102106948285,-317.49782441530874,4.539386313047291,-318.0518714749588,6.5802442099977885,-317.77484794513373
8.873106678232315,-318.4655436856536,4.5272204923489605,-319.05185508244574,6.700163585290637,-318.7586993840497
9.138774315017235,-319.42914527374126,4.507464286554474,-320.0516585961221,6.823119300785855,-319.7404019349317
9.477879212497967,-320.3699309612265,4.453312216581601,-321.05009006182144,6.965595714539784,-320.71001051152393
9.89267967870547,-321.2776915648167,4.381459305204906,-322.0474840880586,7.137069491955188,-321.66258782643763
10.368472765627251,-322.1559174209183,4.313791809938713,-323.045156587856,7.341132287782981,-322.60053700438715
10.948738919590873,-322.9703872066297,4.516244262793922,-323.99623464161044,7.732491591192398,-323.4833109241201
11.601213151230322,-323.7268527991936,5.416903465576328,-324.4162105174408,8.509058308403326,-324.0715316583172
12.351318807274895,-324.3875532051787,6.325086702073099,-324.83486901798756,9.338202754673997,-324.6112111115831
13.056121429046307,-325.097005885501,7.198439430530415,-325.3041352813564,10.12728042978836,-325.2005705834287
13.784090891245993,-325.7826362339014,7.910378595464256,-326.00645846043375,10.847234743355125,-325.8945473471676
14.394025916141148,-326.5738736596955,8.551712317261249,-326.76770216740107,11.472869116701197,-326.6707879135483
15.017133778387704,-327.35591690913475,9.11528098744592,-327.5938411244913,12.066207382916811,-327.474879016813
15.553200660627523,-328.1943096703205,9.674656296694392,-328.42265133336826,12.613928478660958,-328.3084805018444
15.938981345812754,-329.1145768323201,10.185155692765544,-329.2825964415274,13.062068519289149,-329.1985866369238
16.191759334379352,-330.0741936274609,10.38739116022761,-330.2489777659336,13.289575247303482,-330.1615856966972
16.210070585915275,-331.0740608883209,10.50823291480432,-331.2410007740215,13.359151750359798,-331.1575308311712
16.228381837451202,-332.07392814918086,10.453880088846553,-332.23958026146664,13.341130963148878,-332.15675420532375
16.199915786757064,-333.07242666301306,10.324471261770896,-333.22371244782215,13.26219352426398,-333.1480695554176
16.123171844234463,-334.0695125211811,10.004247869438386,-334.1711153195926,13.063709856836425,-334.1203139203868
16.046427901711866,-335.0665983793491,9.625590138635,-335.089993457254,12.836009020173432,-335.0782959183016
15.77954595450237,-336.0301977515744,9.07561210170032,-335.92524155292705,12.427579028101345,-335.9777196522507
15.47626214126949,-336.9815299358055,8.437057596121655,-336.6778121267271,11.956659868695573,-336.8296710312663
15.094414767634898,-337.90579311505746,7.643595253594747,-337.2865159995723,11.369005010614822,-337.5961545573149
14.712567394000308,-338.8300562943094,6.852462368557152,-337.8982544899814,10.782514881278729,-338.3641553921454
14.310199985266607,-339.7454233355347,6.061329483519511,-338.50999298039045,10.185764734393059,-339.1277081579626
13.905085184691286,-340.65962379945864,5.579926771779376,-339.3362129877677,9.74250597823533,-339.9979183936132
13.518745037566044,-341.58201803837807,5.285597483534076,-340.2919773376557,9.402171260550059,-340.93699768801685
13.124894824424974,-342.5011529691608,5.109915867137232,-341.27338704877724,9.117405345781103,-341.88727000896904
12.715040507493418,-343.4133422478552,4.983240850440845,-342.2653893988656,8.849140678967132,-342.83936582336037
12.240506619180897,-344.289548134251,4.856565833744457,-343.2573917489539,8.548536226462677,-343.77346994160246
11.681547512219863,-345.1187854694077,4.769277092067901,-344.2536069415921,8.225412302143882,-344.6861962054999
11.094971411062827,-345.9277107113302,4.683273289288214,-345.24995957411903,7.889122350175521,-345.58883514272463
10.469898813606513,-346.70832206737225,4.597269486508521,-346.24631220664594,7.533584150057517,-346.4773171370091
9.895601302992288,-347.5238242163501,4.511141736701318,-347.24265311331766,7.203371519846803,-347.38323866483387
9.394967465402825,-348.3894527282442,4.4087745730609145,-348.2374577103336,6.901871019231869,-348.3134552192889
8.917730277003452,-349.2682669903503,4.306407409420512,-349.2322623073496,6.612068843211982,-349.2502646488499
8.601730463114578,-350.2144335071305,4.205858716080155,-350.22724881926007,6.403794589597366,-350.22084116319525
8.312462747159191,-351.1703272935608,4.109134239961916,-351.2226178956109,6.210798493560554,-351.1964725945858
8.152855310462764,-352.156904522603,4.012409763843678,-352.2179869719617,6.082632537153221,-352.18744574728237
8.080260767199375,-353.15430107040174,3.917529873445321,-353.2135003407542,5.998895320322348,-353.18390070557797
8.02500141495783,-354.15258722750724,3.858299723201464,-354.21180240513047,5.941650569079647,-354.1821948163189
7.995114466468012,-355.15217544851754,3.799069572957607,-355.21010446950675,5.89709201971281,-355.18113995901217
7.903436799137355,-356.145242140285,3.7420156236337374,-356.2084913745332,5.822726211385546,-356.17686675740913
7.723992187244714,-357.12904571444767,3.7233451788906837,-357.2083746861897,5.723668683067698,-357.1687102003187
7.544547575352073,-358.11284928861033,3.704674734147632,-358.2082579978461,5.624611154749853,-358.16055364322824
7.327090383413349,-359.0888406230949,3.675552351309826,-359.20785404014555,5.501321367361587,-359.14834733162024
7.118831101875465,-360.06608653889083,3.639272926050954,-360.20725337261416,5.379052013963209,-360.1366699557525
7.02148481931232,-361.06137219765594,3.602993500792083,-361.2066527050828,5.312239160052202,-361.13401245136936
6.922622034143817,-362.0564608611811,3.588360148035606,-362.2065761761495,5.255491091089712,-362.1315185186653
6.762451185009641,-363.043585544471,3.5762264500561107,-363.20656017392605,5.169338817532876,-363.12507285919855
6.730655630719747,-364.03811848434697,3.5482441953853243,-364.206186348975,5.139449913052536,-364.122152416661
6.776211770644183,-365.03711522077185,3.515234013040375,-365.2056990053718,5.145722891842279,-365.1214071130718
6.782689920096265,-366.03698284621714,3.482223830695424,-366.2052116617687,5.132456875395844,-366.12109725399296
6.781684031073684,-367.03701726035484,3.440279544585475,-367.2043397934293,5.11098178782958,-367.1206785268921
6.780678142051104,-368.0370516744926,3.3872884873991276,-368.20299247093743,5.083983314725116,-368.120022072715
6.831451015484115,-369.03566810880903,3.3782189080716347,-369.20250427471547,5.1048349617778745,-369.1190861917622
6.8871869465844044,-370.03414862802657,3.392116072339976,-370.20246531958725,5.13965150946219,-370.1183069738069
6.942922877684694,-371.0326291472441,3.382705783665572,-371.2023759794736,5.162814330675133,-371.1175025633588
6.974634917079555,-372.0319728868288,3.3644854294043323,-372.2022675941631,5.169560173241944,-372.117120240496
6.9907044950075985,-373.03187868736086,3.346265075143093,-373.20215920885266,5.1684847850753455,-373.11701894810676
7.006774072935642,-374.031784487893,3.3505215492632843,-374.2020538229081,5.178647811099463,-374.1169191554005
7.0228436508636864,-375.0316902884251,3.368475046653567,-375.20195026472965,5.1956593487586265,-375.1168202765774
7.047372905494004,-376.0311015547193,3.3864285440438495,-376.2018467065511,5.2169007247689265,-376.1164741306352
7.147919265558329,-377.0260690269265,3.4794503270297596,-377.19753528950685,5.313684796294044,-377.1118021582167
7.248465625622648,-378.02103649913363,3.573354081273866,-378.19317443466673,5.410909853448257,-378.1071054669002
7.349011985686973,-379.0160039713408,3.6672578355179724,-379.1888135798266,5.508134910602473,-379.10240877558374
7.425363081756774,-380.01305297986795,3.7611615897620787,-380.1844527249865,5.593262335759427,-380.0987528524272
7.496231937240912,-381.01057362957647,3.880391228090221,-381.1773465421997,5.688311582665566,-381.09396008588806
7.567100792725047,-382.00809427928493,4.002016463154898,-382.16998067652685,5.7845586279399726,-382.0890374779059
7.637969648209186,-383.00561492899345,4.123641698219568,-383.162614810854,5.880805673214377,-383.0841148699237
7.7088385036933245,-384.003135578702,4.2452669332842365,-384.1552489451811,5.97705271848878,-384.07919226194156
7.822078522182109,-384.9966329093036,4.366892168348906,-385.1478830795082,6.0944853452655074,-385.0722579944059
7.940220948026125,-385.98966473582686,4.488517403413576,-386.14051721383527,6.214369175719851,-386.06509097483104
8.058363373870147,-386.9826965623502,4.610142638478246,-387.1331513481624,6.334253006174197,-387.05792395525634
8.17650579971417,-387.9757283888735,4.754658386838356,-388.12240185636495,6.465582093276263,-388.04906512261925
8.311374072514148,-388.9662651541618,4.925417626240245,-389.10777310853075,6.618395849377197,-389.03701913134626
8.488194911771663,-389.9505436879503,5.098511245912117,-390.0927248273222,6.793353078841889,-390.02163425763626
8.665015751029177,-390.9348222217388,5.2815364481034885,-391.0758916482629,6.973276099566332,-391.0053569350008
8.84183659028668,-391.9191007555272,5.464561650294861,-392.0590584692036,7.153199120290771,-391.9890796123654
9.026840187509618,-392.9018707719248,5.653204589904025,-393.04114784082395,7.340022388706822,-392.9715093063744
9.212624456977212,-393.88449686891744,5.846917578486432,-394.02226480657805,7.529771017731822,-393.9533808377478
9.398408726444805,-394.86712296591,6.041572214473189,-395.00318203181774,7.719990470458997,-394.9351524988639
9.591491431749398,-395.84833862882033,6.26284466255333,-395.9784531357455,7.927168047151364,-395.9133958822829
9.785199291125243,-396.8294334797336,6.484117110633471,-396.95372423967325,8.134658200879358,-396.89157885970343
9.978907150501088,-397.8105283306469,6.704811034988106,-397.9291259819734,8.341859092744597,-397.8698271563102
10.16868871049211,-398.7923832913482,6.924098259591886,-398.90484537583694,8.546393485041998,-398.84861433359254
10.35512251905383,-399.7748863581615,7.143385484195665,-399.88056476970047,8.749254001624749,-399.827725563931
10.541556327615563,-400.7573894249749,7.362672708799444,-400.856284163564,8.952114518207503,-400.80683679426943
10.74425814750927,-401.7366554692378,7.55637357969612,-401.83716825571474,9.150315863602696,-401.78691186247625
10.94813238350635,-402.7156882251603,7.7327401487188565,-402.82155133956326,9.340436266112603,-402.7686197823618
11.152006619503416,-403.6947209810828,7.909106717741594,-403.8059344234117,9.530556668622506,-403.75032770224726
11.355880855500471,-404.6737537370052,8.08547328676433,-404.79031750726017,9.7206770711324,-404.7320356221327
11.554356682999511,-405.6538897946256,8.260613562782456,-405.77491669797894,9.907485122890984,-405.71440324630225
11.75096623788652,-406.6344072723891,8.431372401960687,-406.7602880195011,10.091169319923603,-406.6973476459451
11.947575792773527,-407.61492475015257,8.602131241138917,-407.74565934102327,10.274853516956222,-407.6802920455879
12.144185347660525,-408.595442227916,8.772890080317147,-408.73103066254544,10.458537713988836,-408.6632364452307
12.340794902547533,-409.5759597056795,8.943648919495388,-409.7164019840677,10.64222191102146,-409.6461808448736
12.503752280642248,-410.5625208852897,9.114407758673616,-410.7017733055899,10.809080019657932,-410.6321470954398
12.660613291176595,-411.5501769310094,9.286232349399203,-411.6869120502151,10.9734228202879,-411.61854449061224
12.817474301710936,-412.537832976729,9.541519336682324,-412.6538369576199,11.179496819196629,-412.5958349671745
12.974335312245284,-413.5254890224487,9.796806323965445,-413.6207618650247,11.385570818105364,-413.57312544373667
13.15761872367922,-414.50844011938494,10.052093311248566,-414.5876867724295,11.604856017463893,-414.54806344590725
13.351326616417456,-415.4895349637111,10.254760530041118,-415.5661892698711,11.803043573229287,-415.5278621167911
13.550906048947425,-416.469389165014,10.428894745654105,-416.550969700926,11.989900397300765,-416.51017943296995
13.770642300053803,-417.4449842763293,10.603028961267094,-417.5357501319809,12.186835630660449,-417.49036720415506
13.990378551160168,-418.4205793876446,10.777163176880102,-418.5205305630359,12.383770864020136,-418.47055497534024
14.210114802266533,-419.39617449895985,10.95129739249309,-419.50531099409085,12.580706097379812,-419.45074274652535
14.413399763618067,-420.37485566470633,11.100265190752104,-420.49412884643124,12.756832477185085,-420.4344922555688
14.562179089905225,-421.3637614000229,11.242915814291695,-421.48396015632176,12.90254745209846,-421.4238607781723
14.71095841619239,-422.35266713533946,11.385566437831287,-422.47379146621233,13.048262427011839,-422.4132293007759
14.859737742479556,-423.3415728706561,11.50481231209815,-423.4663621156111,13.182275027288853,-423.40396749313356
14.983331992095737,-424.33323015311265,11.594589733717585,-424.4623818127071,13.288960862906661,-424.39780598290986
15.051595709435725,-425.33093246651447,11.684367155337021,-425.45840150980314,13.367981432386372,-425.3946669881588
15.119859426775719,-426.32863477991634,11.77414457695646,-426.4544212068991,13.447002001866089,-426.39152799340775
15.188123144115712,-427.3263370933182,11.845198482619118,-427.4518203600094,13.516660813367416,-427.3890787266638
15.219693041004579,-428.32535511082585,11.902361697564224,-428.45024291048236,13.561027369284401,-428.38779901065413
15.223060557151527,-429.3253843609518,11.959524912509332,-429.44866546095534,13.591292734830429,-429.3870249109535
15.226428073298477,-430.32541361107775,12.016688127454445,-430.44708801142843,13.621558100376461,-430.3862508112531
15.220720190499065,-431.3251823372206,12.031529758002387,-431.4456291558047,13.626124974250725,-431.3854057465127
15.159990585575606,-432.32337157597163,11.97996297314753,-432.4443563904066,13.569976779361568,-432.38386398318914
15.099260980652149,-433.32156081472266,11.92839618829267,-433.4430836250085,13.51382858447241,-433.3823222198656
15.038531375728693,-434.3197500534737,11.876829403437812,-434.4418108596104,13.457680389583253,-434.3807804565421
14.977801770805234,-435.3179392922247,11.824734707150995,-435.440502228448,13.401268238978115,-435.37922076033635
14.869752297897296,-436.3112233726343,11.740746121735588,-436.43702675898186,13.305249209816441,-436.3741250658081
14.724446911889071,-437.30064552018786,11.656757536320182,-437.4335512895157,13.190602224104627,-437.3670984048518
14.579141525880853,-438.2900676677414,11.572768950904772,-438.4300758200497,13.075955238392812,-438.36007174389556
14.433836139872627,-439.279489815295,11.488780365489365,-439.42660035058356,12.961308252680997,-439.3530450829393
14.34318664230843,-440.2751313745054,11.38943012429093,-440.4214727299235,12.86630838329968,-440.3483020522144
14.262478610799226,-441.27190419462164,11.259595919306081,-441.41306654880896,12.761037265052654,-441.34248537171527
14.175413809541977,-442.26804033617054,11.127200745774651,-442.40429517310906,12.651307277658315,-442.3361677546398
14.056833089067625,-443.26101992005147,10.974693089554409,-443.3926557536818,12.515763089311017,-443.3268378368666
13.938252368593274,-444.2539995039324,10.822185433334168,-444.3810163342545,12.38021890096372,-444.3175079190935
13.819671648118922,-445.2469790878133,10.669677777113918,-445.36937691482734,12.244674712616419,-445.30817800132036
13.700682995482142,-446.23990973429187,10.53273401208004,-446.3599953551932,12.11670850378109,-446.2999525447425
13.581034366744202,-447.2327612070277,10.398101759526035,-447.3509491275802,11.989568063135119,-447.29185516730394
13.461385738006268,-448.22561267976346,10.26346950697203,-448.34190289996724,11.862427622489149,-448.2837577898654
13.3447885010141,-449.2188099644122,10.132049252437755,-449.33328772977126,11.738418876725927,-449.2760488470917
13.239218106504653,-450.21325691275865,10.000646848386687,-450.32467495515067,11.61993247744567,-450.26896593395463
13.132660725678635,-451.20758361043625,9.867868405709748,-451.3158636885191,11.500264565694192,-451.26172364947763
12.996367878198948,-452.1982874516513,9.713730910069465,-452.3039714027252,11.355049394134205,-452.2511294271883
12.860075030719253,-453.18899129286643,9.559593414429182,-453.2920791169313,11.209834222574218,-453.24053520489883
12.723782183239557,-454.17969513408156,9.405455918788899,-454.28018683113737,11.064619051014228,-454.2299409826095
12.587489335759862,-455.1703989752967,9.289339157195217,-455.2733466600889,10.938414246477539,-455.22187281769277
12.469098726591954,-456.1631610687952,9.18008877464248,-456.2674188789684,10.824593750617217,-456.2152899738818
12.377001398237796,-457.15894614770656,9.065781645893786,-457.2609172692985,10.72139152206579,-457.2099317085025
12.28490406988364,-458.15473122661797,8.949512113126934,-458.25419297029293,10.617208091505287,-458.20446209845545
12.192806741529486,-459.1505163055293,8.833198046583764,-459.24746344694586,10.513002394056624,-459.1989898762376
12.08084911247829,-460.1437434723444,8.716428358578263,-460.24068047378285,10.398638735528277,-460.19221197306365
11.917621616582174,-461.13036732460824,8.599658670572763,-461.2338975006199,10.25864014357747,-461.18213241261407
11.75439412068605,-462.11699117687215,8.482888982567262,-462.2271145274569,10.118641551626656,-462.1720528521645
11.591166624789924,-463.103615029136,8.366119294561761,-463.2203315542939,9.978642959675842,-463.16197329171496
11.48319725561485,-464.0976515595322,8.249349606556262,-464.2135485811309,9.866273431085556,-464.15560007033156
11.380629117895827,-465.0924126456213,8.13257991855076,-465.2067656079679,9.756604518223295,-465.1495891267946
11.278060980176798,-466.08717373171055,8.015810230545254,-466.199982634805,9.646935605361026,-466.1435781832578
11.163641729824423,-467.08062159340193,7.899040542539746,-467.19319966164204,9.531341136182085,-467.13691062752196
11.045936346803856,-468.07370531800956,7.782237825933449,-468.18641275733705,9.414087086368653,-468.1300590376733
10.928230963783294,-469.06678904261713,7.6626178224554575,-469.17929053289845,9.295424393119376,-469.12303978775776
10.810628453788514,-470.0598849293914,7.542997818977465,-470.17216830845985,9.17681313638299,-470.1160266189256
10.693510911631607,-471.05303815150353,7.423377815499474,-471.16504608402124,9.05844436356554,-471.1090421177624
10.576393369474701,-472.0461913736156,7.303757812021482,-472.1579238595827,8.94007559074809,-472.10205761659915
10.4592758273178,-473.03934459572764,7.18413780854349,-473.1508016351441,8.821706817930645,-473.09507311543587
10.342158285160886,-474.03249781783984,7.064517805065491,-474.14367941070554,8.703338045113188,-474.0880886142727
10.22504074300398,-475.0256510399519,6.9448978015875,-475.13655718626694,8.58496927229574,-475.0811041131094
10.107923200847074,-476.01880426206407,6.825277798109507,-476.1294349618284,8.46660049947829,-476.07411961194623
9.990805658690167,-477.01195748417615,6.705313825231959,-477.1222707354419,8.348059741961062,-477.06711410980904
9.869097592961591,-478.00455779900557,6.58250171251899,-478.1147587239872,8.22579965274029,-478.0596582614964
9.747045320925155,-478.9971166557809,6.459689599806022,-479.1072467125326,8.103367460365588,-479.0521816841568
9.624993048888719,-479.98967551255635,6.336877487093046,-480.09973470107803,7.9809352679908825,-480.0447051068172
9.502940776852283,-480.98223436933176,6.214065374380071,-481.09222268962344,7.858503075616177,-481.0372285294776
9.380888504815854,-481.97479322610707,6.091253261667102,-482.08471067816885,7.736070883241478,-482.029751952138
9.258836232779416,-482.9673520828825,5.968441148954134,-483.0771986667142,7.613638690866775,-483.02227537479837
9.13678396074298,-483.9599109396579,5.846647647887763,-484.06981195801774,7.491715804315371,-484.0148614488378
9.013775387974817,-484.9523513237063,5.7252598054055905,-485.06247515071374,7.369517596690204,-485.00741323721
8.889926005212656,-485.9446875427681,5.603871962923418,-486.05513834340974,7.246898984068038,-485.99991294308893
8.766076622450488,-486.93702376182995,5.482484120441246,-487.0478015361057,7.124280371445867,-486.99241264896784
8.642227239688319,-487.9293599808918,5.361096277959073,-488.0404647288017,7.001661758823696,-487.98491235484676
8.51837785692615,-488.92169619995366,5.239708435476894,-489.03312792149774,6.879043146201522,-488.97741206072567
8.394528474163982,-489.9140324190155,5.118320592994729,-490.0257911141936,6.756424533579356,-489.9699117666046
8.270679091401814,-490.90636863807737,4.996932750512549,-491.0184543068897,6.633805920957181,-490.9624114724835
8.146829708639645,-491.8987048571392,4.8755449080303706,-492.01111749958574,6.511187308335008,-491.95491117836247
8.029441493667136,-492.891800200056,4.759605092014851,-493.00442585497785,6.394523292840994,-492.9481130275169
7.919913633763692,-493.8858190576123,4.6457818041143195,-493.99798485250517,6.282847718939006,-493.9419019550587
7.810385773860249,-494.8798379151686,4.531958516213788,-494.9915438500325,6.171172145037018,-494.9356908826005
7.7008579139568045,-495.87385677272493,4.418135228313269,-495.9851028475597,6.059496571135037,-495.9294798101423
7.5913300540533735,-496.8678756302811,4.304311940412737,-496.978661845087,5.947820997233055,-496.92326873768405
7.48180219414993,-497.8618944878374,4.190488652512219,-497.9722208426142,5.836145423331074,-497.9170576652258
7.351195686956864,-498.85327583747005,4.076665364611687,-498.9657798401415,5.713930525784276,-498.9095278388058
7.212424209887493,-499.8436355289077,3.9628420767111683,-499.9593388376687,5.58763314329933,-499.9014871832882
7.07365273281812,-500.8339952203454,3.849018788810637,-500.95289783519604,5.461335760814379,-500.8934465277707
6.934881255748748,-501.8243549117831,3.735195500910118,-501.94645683272324,5.335038378329433,-501.88540587225316
6.7961097786793765,-502.81471460322075,3.6213722130095864,-502.94001583025056,5.208740995844481,-502.87736521673565
6.657338301610005,-503.8050742946584,3.507548925109055,-503.9335748277779,5.08244361335953,-503.86932456121815
6.522658652785642,-504.7959981256661,3.377441676308032,-504.9250945156784,4.9500501645468376,-504.86054632067226
6.388265507298106,-505.7869614568335,3.242737225056389,-505.91603847637884,4.815501366177248,-505.8514999666062
6.253872361810571,-506.77792478800103,3.108032773804731,-506.9069824370794,4.680952567807651,-506.8424536125402
6.119479216323036,-507.7688881191685,2.9733283225530887,-507.8979263977799,4.546403769438062,-507.83340725847415
5.9850860708355,-508.75985145033593,2.8386238713014302,-508.88887035848046,4.411854971068465,-508.8243609044082
5.850283791279563,-509.75075919905083,2.703919420049788,-509.8798143191809,4.277101605664676,-509.8152867591159
5.715432948513253,-510.7416603502651,2.5692149687981294,-510.8707582798815,4.142323958655691,-510.80620931507326
5.5805821057469425,-511.7325615014794,2.434510517546487,-511.861702240582,4.007546311646715,-511.79713187103073
5.445731262980633,-512.7234626526936,2.2998060662948285,-512.8526462012826,3.872768664637731,-512.7880544269881
5.310880420214323,-513.7143638039079,2.165101615043186,-513.843590161983,3.7379910176287545,-513.7789769829454
5.176029577448013,-514.7052649551222,2.0303971637915277,-514.8345341226836,3.60321337061977,-514.7698995389029
5.0519519130330615,-515.6973963928211,1.89569271253987,-515.8254780833843,3.473822312786466,-515.7614372381026
4.959924384541397,-516.693187924856,1.7742430147115968,-516.818102313883,3.367083699626497,-516.7556451193695
4.8678968560497315,-517.6889794568908,1.657421434335699,-517.8113132385079,3.2626591451927154,-517.7501463476993
4.775869327558067,-518.6847709889256,1.5405998539597878,-518.8045241631329,3.1582345907589273,-518.7446475760293
4.6838417990664025,-519.6805625209605,1.4237782735838898,-519.7977350877577,3.053810036325146,-519.739148804359
4.591814270574737,-520.6763540529953,1.3069566932079786,-520.7909460123827,2.949385481891358,-520.733650032689
4.493192207569834,-521.6714138548652,1.1901351128320807,-521.7841569370077,2.8416636602009575,-521.7277853959365
4.364682665231866,-522.6631573392405,1.0733135324561696,-522.7773678616327,2.718998098844018,-522.7202626004366
4.236173122893914,-523.6549008236155,0.9564919520802584,-523.7705787862576,2.5963325374870863,-523.7127398049365
4.107663580555946,-524.6466443079908,0.8396703717043605,-524.7637897108825,2.4736669761301533,-524.7052170094366
3.9791540382179793,-525.6383877923658,0.7228487913284494,-525.7570006355076,2.351001414773214,-525.6976942139368
3.8506444958800117,-526.630131276741,0.6060272109525513,-526.7502115601324,2.2283358534162816,-526.6901714184366
3.7221349535420445,-527.6218747611163,0.4892056305766401,-527.7434224847574,2.1056702920593424,-527.6826486229368
3.5936254112040773,-528.6136182454915,0.3723840502007292,-528.7366334093824,1.9830047307024032,-528.6751258274369
3.46511586886611,-529.6053617298666,0.2555624698248311,-529.7298443340072,1.8603391693454707,-529.6676030319369
3.336606326528143,-530.5971052142418,0.13874088944891994,-530.7230552586323,1.7376736079885315,-530.660080236437
3.2080967841901753,-531.588848698617,0.021919309073008764,-531.7162661832573,1.615008046631592,-531.6525574409371
3.086982509718396,-532.5815117885156,-0.09490227130288909,-532.7094771078822,1.4960401192077533,-532.6454944481989
2.9686864525519643,-533.5745253252468,-0.21172385167880048,-533.7026880325071,1.378481300436582,-533.638606678877
2.8503903953855327,-534.567538861978,-0.3285454320546983,-534.695898957132,1.2609224816654172,-534.631718909555
2.732094338219101,-535.5605523987092,-0.4453670124306095,-535.6891098817571,1.1433636628942458,-535.6248311402331
2.613798281052683,-536.5535659354402,-0.5621885928065073,-536.6823208063819,1.0258048441230878,-536.617943370911
2.4955022238862514,-537.5465794721715,-0.6790101731824185,-537.6755317310069,0.9082460253519165,-537.6110556015892
2.375341873846821,-538.539365629463,-0.7958317535583164,-538.6687426556318,0.7897550601442522,-538.6040541425474
2.251493707656536,-539.5317020003594,-0.9126533339342275,-539.6619535802567,0.6694201868611542,-539.596827790308
2.127645541466251,-540.5240383712558,-1.0292011301725428,-540.6551964350031,0.5492222056468542,-540.5896174031294
2.0037973752759664,-541.5163747421522,-1.1440728546588215,-541.6486347619009,0.42986226030857244,-541.5825047520266
1.902984341413618,-542.5112757871799,-1.2589445791450742,-542.6420730887986,0.32201988113427193,-542.5766744379893
1.8055367364230563,-543.506551530657,-1.3738163036313398,-543.6355114156964,0.21586021639585828,-543.5710314731767
1.708089131432506,-544.5018272741341,-1.4886880281175925,-544.6289497425942,0.10970055165745674,-544.5653885083641
1.6106415264419334,-545.4971030176115,-1.6035597526038583,-545.622388069492,0.0035408869190375336,-545.5597455435518
1.479112850908109,-546.4883995909228,-1.718431477090111,-546.6158263963897,-0.11965931309100097,-546.5521129936562
1.3446560935700804,-547.4793542930554,-1.8333032015763768,-547.6092647232874,-0.2443235540031482,-547.5443095081714
1.210199336232052,-548.470308995188,-1.9481749260626295,-548.6027030501851,-0.36898779491528877,-548.5365060226866
1.075742578894039,-549.4612636973204,-2.063046650548895,-549.596141377083,-0.4936520358274281,-549.5287025372018
0.9412858215560103,-550.452218399453,-2.177918375035148,-550.5895797039807,-0.6183162767395688,-550.5208990517169
0.8020058910078975,-551.4425016362463,-2.2927900995214134,-551.5830180308785,-0.745392104256758,-551.5127598335624
0.6606812469303729,-552.4325002151588,-2.413809125191894,-552.5756782041072,-0.8765639391307605,-552.5040892096331
0.5612361859504313,-553.427358363601,-2.5501021420954495,-553.5664049252465,-0.9944329780725091,-553.4968816444238
0.4721056817399448,-554.4234133793967,-2.6863951589989896,-554.5571316463855,-1.1071447386295223,-554.4902725128911
0.326536568668941,-555.4115240674827,-2.8226881759025453,-555.5478583675248,-1.248075803616802,-555.4796912175037
0.13724125450989577,-556.3934798329375,-2.9805873109702734,-556.5343513743942,-1.4216730282301888,-556.4639156036658
-0.04580138139055383,-557.376590172572,-3.228282251802795,-557.5032489121771,-1.6370418165966745,-557.4399195423746
-0.2196735907402213,-558.3613938566068,-3.420879373187245,-558.4844361755736,-1.8202764819637332,-558.4229150160902
-0.4161291679486642,-559.3414880880015,-3.6273671141952573,-559.4618155983569,-2.021748141071961,-559.4016518431793
-0.6503665261858278,-560.3137034454604,-3.9381955774601884,-560.4122492438671,-2.294281051823008,-560.3629763446638
-0.8846038844229647,-561.2859188029191,-4.214703523023861,-561.3733208220941,-2.5496537037234126,-561.3296198125066
-1.1427949097114898,-562.2516805205183,-4.493438684914036,-562.3337215396762,-2.8181167973127628,-562.2927010300973
-1.4286805079894118,-563.2099807166833,-4.793741344005534,-563.2876259035295,-3.111210925997473,-563.2488033101064
-1.7209193231014284,-564.1661949465648,-5.094044003097066,-564.2415302673828,-3.4074816630992473,-564.2038626069739
-2.0587190808519815,-565.1074500474467,-5.394976473825755,-565.1952359670966,-3.726847777338868,-565.1513430072716
-2.396518838602535,-566.0487051483286,-5.699551250783566,-566.1477021161038,-4.048035044693051,-566.0982036322162
-2.7343185963530883,-566.9899602492105,-6.048238440593351,-567.08500274349,-4.39127851847322,-567.0374814963502
-3.0900222930355064,-567.9245544340253,-6.3969256304031346,-568.0223033708761,-4.743473961719321,-567.9734289024507
-3.4495740413660654,-568.8577170037552,-6.745612820212879,-568.9596039982622,-5.097593430789472,-568.9086605010086
-3.8091257896965836,-569.790879573485,-7.137908250947947,-569.8791752614669,-5.473517020322266,-569.8350274174759
-4.172726880267067,-570.7224238297097,-7.542172468559412,-570.7938804952962,-5.857449674413239,-570.7581521625029
-4.555362260207341,-571.64636106096,-7.946436686170923,-571.7085857291256,-6.250899473189132,-571.6774733950429
-4.937997640147614,-572.5702982922103,-8.366514517924163,-572.6159771889627,-6.6522560790358884,-572.5931377405865
-5.333975429115917,-573.4879824837972,-8.801729509826064,-573.5163677338153,-7.06785246947099,-573.5021751088062
-5.799218857020672,-574.3732047124289,-9.236944501727915,-574.4167582786677,-7.518081679374294,-574.3949814955483
-6.264462284925479,-575.2584269410607,-9.685457841631015,-575.3105481660234,-7.974960063278247,-575.284487553542
-6.697485045473376,-576.1588285076544,-10.139440010352654,-576.2016235909559,-8.418462527913015,-576.1802260493052
-7.08382079036482,-577.0812245904149,-10.593422179074398,-577.0926990158886,-8.83862148471961,-577.0869618031518
-7.470156535256265,-578.0036206731752,-11.044634541434345,-577.985177952172,-9.257395538345305,-577.9943993126735
-7.882989750791732,-578.9138233650755,-11.494705050926662,-578.8782354861088,-9.688847400859197,-578.8960294255921
-8.332250582856593,-579.8072630922227,-11.944775560418927,-579.7712930200455,-10.13851307163776,-579.7892780561341
-8.781511414921455,-580.7007028193699,-12.394846069911244,-580.6643505539822,-10.58817874241635,-580.682526686676
-9.214621145290849,-581.6017231893146,-12.829782457891872,-581.5648478391803,-11.022201801591361,-581.5832855142475
-9.614847864720723,-582.5181774513086,-13.262047402468038,-582.4666583736755,-11.43844763359438,-582.4924179124921
-10.015074584150598,-583.4346317133026,-13.694312347044153,-583.3684689081706,-11.854693465597375,-583.4015503107366
-10.459681260622903,-584.3296489066804,-14.137043789505967,-584.2648712119212,-12.298362525064434,-584.2972600593008
-10.928750762070788,-585.2128497015646,-14.622532253199351,-585.1391801813689,-12.775641507635068,-585.1760149414667
-11.397820263518675,-586.0960504964487,-15.10802071689268,-586.0134891508164,-13.252920490205678,-586.0547698236326
-11.866889764966562,-586.9792512913328,-15.582598156565608,-586.8937437509967,-13.724743960766084,-586.9364975211647
-12.365403137985728,-587.845743215641,-16.054114659755175,-587.7756663154296,-14.20975889887045,-587.8107047655353
-12.883081234997126,-588.701359501804,-16.562424070948165,-588.6362735919503,-14.722752652972645,-588.6688165468771
-13.400759332008523,-589.5569757879668,-17.092952583939077,-589.4840086445106,-15.2468559579738,-589.5204922162387
-13.91843742901992,-590.4125920741297,-17.623481096929925,-590.3317436970709,-15.770959262974923,-590.3721678856003
-14.436115526031319,-591.2682083602926,-18.154009609920834,-591.1794787496314,-16.295062567976075,-591.2238435549621
-14.967739321041114,-592.1151717025466,-18.684538122911746,-592.0272138021918,-16.82613872197643,-592.0711927523691
-15.504492841770974,-592.958952183037,-19.237890091457523,-592.8599253897918,-17.37119146661425,-592.9094387864144
-16.04124636250077,-593.8027326635273,-19.80677837275363,-593.6824102503454,-17.9240123676272,-593.7425714569363
-16.60644345639063,-594.627655842255,-20.37566665404967,-594.5048951108989,-18.49105505522015,-594.566275476577
-17.174664953531888,-595.4505739253343,-20.944554935345774,-595.3273799714525,-19.059609944438833,-595.3889769483934
-17.748672018394302,-596.2694328215147,-21.513443216641814,-596.1498648320061,-19.63105761751806,-596.2096488267604
-18.329146773375154,-597.0837539498801,-22.082331497937922,-596.9723496925598,-20.205739135656536,-597.02805182122
-18.909621528356002,-597.8980750782456,-22.67457457789788,-597.7771875851785,-20.792098053126942,-597.837631331712
-19.490096283336854,-598.7123962066112,-23.31040912175821,-598.5490876145022,-21.400252702547533,-598.6307419105567
-20.091243408588312,-599.5110307588105,-23.946243665618393,-599.3209876438259,-22.018743537103354,-599.4160092013183
-20.719245793575794,-600.2892870441835,-24.58207820947865,-600.0928876731497,-22.650662001527223,-600.1910873586667
-21.34724817856328,-601.0675433295565,-25.217912753338833,-600.8647877024733,-23.282580465951057,-600.9661655160149
-21.975250563550762,-601.8457996149294,-25.85374729719909,-601.636687731797,-23.914498930374926,-601.7412436733632
-22.612100063107896,-602.6168086296874,-26.489581841059273,-602.4085877611207,-24.550840952083583,-602.512698195404
-23.251496623273756,-603.3857311746298,-27.125416384919532,-603.1804877904444,-25.188456504096642,-603.2831094825372
-23.890893183439545,-604.1546537195719,-27.781752309944636,-603.9336394805777,-25.83632274669209,-604.0441466000748
-24.58299632750749,-604.8760694172889,-28.493894305519685,-604.6357569925187,-26.538445316513588,-604.7559132049039
-25.281615665664585,-605.5916117721678,-29.206036301094656,-605.3378745044598,-27.243825983379622,-605.4647431383138
-25.98023500382168,-606.3071541270465,-29.918178296669705,-606.0399920164009,-27.949206650245692,-606.1735730717237
-26.67885434197877,-607.0226964819253,-30.63045739229726,-606.7419687940527,-28.654655867138015,-606.8823326379891
-27.353702535170772,-607.7604789735303,-31.35096196333362,-607.4355020560898,-29.352332249252196,-607.5979905148101
-28.02122096815873,-608.5051191436083,-32.07146653436982,-608.1290353181269,-30.046343751264274,-608.3170772308677
-28.725398991127275,-609.213341570969,-32.7919711054061,-608.8225685801639,-30.758685048266685,-609.0179550755664
-29.465604633416675,-609.8857740570934,-33.51247567644229,-609.5161018422009,-31.489040154929484,-609.7009379496471
-30.20581027570607,-610.5582065432178,-34.244491143903346,-610.1974679135451,-32.22515070980471,-610.3778372283814
-30.946015917995467,-611.2306390293422,-34.97686992694995,-610.8784499548493,-32.96144292247271,-611.0545444920958
-31.659546849851377,-611.9312027999684,-35.72722317065271,-611.538513134136,-33.693385010252044,-611.7348579670522
-32.37034707361026,-612.6346463891616,-36.51070093907492,-612.1600256511651,-34.44052400634259,-612.3973360201634
-33.105499527591554,-613.3106257000798,-37.29427797264618,-612.7814090192909,-35.199888750118866,-613.0460173596853
-33.8889596411168,-613.9321239637842,-38.0964289612119,-613.3786267467397,-35.99269430116435,-613.6553753552619
-34.672419754642036,-614.5536222274885,-38.898579949777535,-613.9758444741883,-36.78549985220978,-614.2647333508385
-35.46849457662181,-615.1588741303958,-39.70750111099678,-614.5638140335776,-37.58799784380929,-614.8613440819868
-36.26471410237087,-615.7639396707206,-40.51918337646969,-615.1480118787917,-38.39194873942028,-615.4559757747561
-37.06185329627384,-616.3677837689954,-41.34992907022544,-615.7045611008703,-39.20589118324964,-616.0361724349328
-37.86341900867231,-616.9657488599328,-42.18455854090573,-616.2554774911763,-40.02398877478902,-616.6106131755546
-38.66498472107078,-617.56371395087,-43.023542349117236,-616.7995807813733,-40.84426353509401,-617.1816473661216
-39.46694410186139,-618.1611241190136,-43.874048390236474,-617.3256555825714,-41.67049624604893,-617.7433898507925
-40.29618800619883,-618.7200734802191,-44.72455443135571,-617.8517303837696,-42.51037121877727,-618.2859019319943
-41.12543191053618,-619.2790228414244,-45.582107087919944,-618.3659008573111,-43.353769499228065,-618.8224618493678
-41.98205458421602,-619.7914605212551,-46.45245138503515,-618.8584615407959,-44.21725298462559,-619.3249610310255
-42.873219286824806,-620.2452174100147,-47.32777503604338,-619.3415041538124,-45.10049716143409,-619.7933607819135
-43.764383989433476,-620.6989742987741,-48.22871284853948,-619.7755851145222,-45.99654841898648,-620.2372797066482
-44.6297773082778,-621.199603308143,-49.12965066103548,-620.2096660752319,-46.87971398465664,-620.7046346916875
-45.49035315237624,-621.7089941775416,-50.032504603179525,-620.6397068436664,-47.76142887777788,-621.174350510604
-46.359094283379314,-622.2039562239769,-50.938704904795195,-621.0626917556756,-48.648899594087254,-621.6333239898263
-47.2388643839604,-622.67942905327,-51.84490520641107,-621.4856766676849,-49.54188479518574,-622.0825528604774
-48.11863448454148,-623.1549018825633,-52.75110550802675,-621.908661579694,-50.434869996284114,-622.5317817311286
-49.0087664975366,-623.6099246843536,-53.657305809642516,-622.3316464917033,-51.33303615358956,-622.9707855880284
-49.91248425040813,-624.0381349883135,-54.55621558793629,-622.7698249726676,-52.23434991917221,-623.4039799804905
